,id,original_language,title,popularity,vote_average,vote_count,genre,overview,tagline
0,580489,en,Venom: Let There Be Carnage,5401.308,6.8,1736,"['Science Fiction', 'Action', 'Adventure']","After finding a host body in investigative reporter Eddie Brock, the alien symbiote must face a new enemy, Carnage, the alter ego of serial killer Cletus Kasady.",
1,524434,en,Eternals,3365.535,7.1,622,"['Action', 'Adventure', 'Science Fiction', 'Fantasy']","The Eternals are a team of ancient aliens who have been living on Earth in secret for thousands of years. When an unexpected tragedy forces them out of the shadows, they are forced to reunite against mankind’s most ancient enemy, the Deviants.",In the beginning...
2,438631,en,Dune,2911.423,8,3632,"['Action', 'Adventure', 'Science Fiction']","Paul Atreides, a brilliant and gifted young man born into a great destiny beyond his understanding, must travel to the most dangerous planet in the universe to ensure the future of his family and his people. As malevolent forces explode into conflict over the planet's exclusive supply of the most precious resource in existence-a commodity capable of unlocking humanity's greatest potential-only those who can conquer their fear will survive.","Beyond fear, destiny awaits."
3,796499,en,Army of Thieves,2552.437,6.9,555,"['Action', 'Crime', 'Thriller']",A mysterious woman recruits bank teller Ludwig Dieter to lead a group of aspiring thieves on a top-secret heist during the early stages of the zombie apocalypse.,"Before Vegas, one locksmith became a legend."
4,550988,en,Free Guy,1850.47,7.8,3493,"['Comedy', 'Action', 'Adventure', 'Science Fiction']",A bank teller called Guy realizes he is a background character in an open world video game called Free City that will soon go offline.,Life's too short to be a background character.
5,574060,en,Gunpowder Milkshake,1453.423,6.5,347,"['Action', 'Thriller', 'Crime']","In her turbulent life as a professional assassin, Sam has no choice but to go rogue to save the life of an innocent 8-year-old girl in the middle of the gang war she has unleashed.",Revenge is best served ice cold.
6,335983,en,Venom,1212.352,6.8,12126,"['Science Fiction', 'Action']","Investigative journalist Eddie Brock attempts a comeback following a scandal, but accidentally becomes the host of Venom, a violent, super powerful alien symbiote. Soon, he must rely on his newfound powers to protect the world from a shadowy organization looking for a symbiote of their own.",The world has enough Superheroes.
7,610253,en,Halloween Kills,1023.024,7,1134,"['Horror', 'Thriller']","Minutes after Laurie Strode, her daughter Karen and granddaughter Allyson left masked monster Michael Myers caged and burning in Laurie's basement, Laurie is rushed to the hospital with life-threatening injuries, believing she finally killed her lifelong tormentor. But when Michael manages to free himself from Laurie's trap, his ritual bloodbath resumes. As Laurie fights her pain and prepares to defend herself against him, she inspires all of Haddonfield to rise up against their unstoppable monster. The Strode women join a group of other survivors of Michael's first rampage who decide to take matters into their own hands, forming a vigilante mob that sets out to hunt Michael down, once and for all.",Evil dies tonight.
9,768449,en,American Badger,1148.822,6.3,14,"['Action', 'Thriller']","A seemingly cold-blooded hitman is assigned to befriend a call girl, but all hell breaks loose when he is assigned to kill her.",Justice Before Redemption
10,639721,en,The Addams Family 2,1031.821,7.4,562,"['Animation', 'Comedy', 'Family']",The Addams get tangled up in more wacky adventures and find themselves involved in hilarious run-ins with all sorts of unsuspecting characters.,Unhappy to see you again.
12,566525,en,Shang-Chi and the Legend of the Ten Rings,1327.18,7.7,1414,"['Action', 'Adventure', 'Fantasy']",Shang-Chi must confront the past he thought he left behind when he is drawn into the web of the mysterious Ten Rings organization.,You can't outrun your destiny.
13,568620,en,Snake Eyes: G.I. Joe Origins,1052.222,6.9,786,"['Action', 'Adventure']","After saving the life of their heir apparent, tenacious loner Snake Eyes is welcomed into an ancient Japanese clan called the Arashikage where he is taught the ways of the ninja warrior. But, when secrets from his past are revealed, Snake Eyes' honor and allegiance will be tested – even if that means losing the trust of those closest to him.",Every warrior has a beginning.
14,630004,en,The Vault,1046.86,7.1,392,"['Crime', 'Action', 'Thriller']","When an engineer learns of a mysterious, impenetrable fortress hidden under The Bank of Spain, he joins a crew of master thieves who plan to steal the legendary lost treasure locked inside while the whole country is distracted by Spain's World Cup Final. With thousands of soccer fans cheering in the streets, and security forces closing in, the crew have just minutes to pull off the score of a lifetime.",No job is impossible.
15,672582,en,The Deep House,848.536,5.5,112,['Horror'],"While diving in a remote French lake, a couple of YouTubers who specialize in underwater exploration videos discover a house submerged in the deep waters. What was initially a unique finding soon turns into a nightmare when they discover that the house was the scene of atrocious crimes. Trapped, with their oxygen reserves falling dangerously, they realize the worst is yet to come: they are not alone in the house.",Breathe while you still can.
16,675319,en,Zone 414,797.785,5.8,86,"['Science Fiction', 'Thriller', 'Mystery']","In the near future on a colony of state-of-the-art robots, a private investigator is hired by the colony's creator to bring his missing daughter home.",What hides in the city of robots?
17,645788,en,The Protégé,832.048,6.8,330,"['Action', 'Crime', 'Thriller']","Rescued as a child by the legendary assassin Moody and trained in the family business, Anna is the world’s most skilled contract killer. When Moody, the man who was like a father to her and taught her everything she needs to know about trust and survival, is brutally killed, Anna vows revenge. As she becomes entangled with an enigmatic killer whose attraction to her goes way beyond cat and mouse, their confrontation turns deadly and the loose ends of a life spent killing will weave themselves ever tighter.","Wherever you run, the past follows..."
18,436969,en,The Suicide Squad,807.497,7.8,4695,"['Action', 'Adventure', 'Fantasy']","Supervillains Harley Quinn, Bloodsport, Peacemaker and a collection of nutty cons at Belle Reve prison join the super-secret, super-shady Task Force X as they are dropped off at the remote, enemy-infused island of Corto Maltese.",They're dying to save the world.
19,703771,en,Deathstroke: Knights & Dragons - The Movie,787.704,7,294,"['Animation', 'Action', 'Adventure', 'Science Fiction']",The assassin Deathstroke tries to save his family from the wrath of H.I.V.E. and the murderous Jackal.,Never give a paid killer a reason to work for free
20,459151,en,The Boss Baby: Family Business,761.177,7.7,1582,"['Animation', 'Comedy', 'Adventure', 'Family']",The Templeton brothers — Tim and his Boss Baby little bro Ted — have become adults and drifted away from each other. But a new boss baby with a cutting-edge approach and a can-do attitude is about to bring them together again … and inspire a new family business.,Playtime is over.
21,820511,en,Ripper Untold,678.956,6.5,47,['Horror'],A detective and a medical examiner join forces to solve a series of horrific murders in Victorian London - but one of them harbours a deadly secret.,"1888, a bloodbath in Whitechapel. No one is safe."
22,385128,en,F9,701.647,7.4,4302,"['Action', 'Crime', 'Thriller']",Dominic Toretto and his crew battle the most skilled assassin and high-performance driver they've ever encountered: his forsaken brother.,Justice is coming.
23,451048,en,Jungle Cruise,683.909,7.8,3111,"['Adventure', 'Fantasy', 'Comedy', 'Action']","Dr. Lily Houghton enlists the aid of wisecracking skipper Frank Wolff to take her down the Amazon in his dilapidated boat. Together, they search for an ancient tree that holds the power to heal – a discovery that will change the future of medicine.",
24,508943,en,Luca,639.636,8,5020,"['Animation', 'Comedy', 'Family', 'Fantasy']",Luca and his best friend Alberto experience an unforgettable summer on the Italian Riviera. But all the fun is threatened by a deeply-held secret: they are sea monsters from another world just below the water’s surface.,
25,497698,en,Black Widow,624.488,7.7,5823,"['Action', 'Adventure', 'Science Fiction']","Natasha Romanoff, also known as Black Widow, confronts the darker parts of her ledger when a dangerous conspiracy with ties to her past arises. Pursued by a force that will stop at nothing to bring her down, Natasha must deal with her history as a spy and the broken relationships left in her wake long before she became an Avenger.",Her world. Her secrets. Her legacy.
26,760195,en,Separation,557.939,6,77,['Horror'],A young girl finds solace in her artist father and the ghost of her dead mother.,It won't let go.
27,675445,en,PAW Patrol: The Movie,596.854,7.7,660,"['Animation', 'Family', 'Adventure', 'Comedy']",Ryder and the pups are called to Adventure City to stop Mayor Humdinger from turning the bustling metropolis into a state of chaos.,Our fate is in their paws.
28,744275,en,After We Fell,625.512,7.4,766,"['Romance', 'Drama']","Just as Tessa's life begins to become unglued, nothing is what she thought it would be. Not her friends nor her family. The only person that she should be able to rely on is Hardin, who is furious when he discovers the massive secret that she's been keeping. Before Tessa makes the biggest decision of her life, everything changes because of revelations about her family.",
29,839436,en,Dragon Fury,580.002,6,21,"['Horror', 'Fantasy', 'Mystery']",A group of soldiers are taken to the mountains of Wales to investigate a strange beast.,They thought they could control it. They were wrong!
30,864873,en,Hypnotic,514.169,6.2,214,"['Thriller', 'Drama', 'Horror']","A young woman seeking self-improvement enlists the help of a renowned hypnotist but, after a handful of intense sessions, discovers unexpected and deadly consequences.",His wish is her command.
31,354912,en,Coco,573.567,8.2,14756,"['Family', 'Animation', 'Fantasy', 'Music', 'Comedy', 'Adventure']","Despite his family’s baffling generations-old ban on music, Miguel dreams of becoming an accomplished musician like his idol, Ernesto de la Cruz. Desperate to prove his talent, Miguel finds himself in the stunning and colorful Land of the Dead following a mysterious chain of events. Along the way, he meets charming trickster Hector, and together, they set off on an extraordinary journey to unlock the real story behind Miguel's family history.",The celebration of a lifetime
32,812204,en,Rock Dog 2: Rock Around the Park,611.612,7.6,25,"['Animation', 'Comedy', 'Music', 'Family']","When Bodi and his band 'True Blue' leave Snow Mountain, to tour with pop sensation, Lil' Foxy, they learn that fame comes at a price.",
33,379686,en,Space Jam: A New Legacy,525.266,7.3,2550,"['Animation', 'Comedy', 'Family', 'Science Fiction']","When LeBron and his young son Dom are trapped in a digital space by a rogue A.I., LeBron must get them home safe by leading Bugs, Lola Bunny and the whole gang of notoriously undisciplined Looney Tunes to victory over the A.I.'s digitized champions on the court. It's Tunes versus Goons in the highest-stakes challenge of his life.",Welcome to the Jam!
34,637649,en,Wrath of Man,541.957,7.8,2598,"['Action', 'Crime', 'Thriller']","A cold and mysterious new security guard for a Los Angeles cash truck company surprises his co-workers when he unleashes precision skills during a heist. The crew is left wondering who he is and where he came from. Soon, the marksman's ultimate motive becomes clear as he takes dramatic and irrevocable steps to settle a score.",A one man army.
35,524369,en,The Many Saints of Newark,593.17,6.8,201,"['Crime', 'Drama']","Young Anthony Soprano is growing up in one of the most tumultuous eras in Newark, N.J., history, becoming a man just as rival gangsters start to rise up and challenge the all-powerful DiMeo crime family. Caught up in the changing times is the uncle he idolizes, Dickie Moltisanti, whose influence over his nephew will help shape the impressionable teenager into the all-powerful mob boss, Tony Soprano.",Who made Tony Soprano?
36,777620,en,Caged,475.873,6.6,39,"['Thriller', 'Horror']","An African American male is imprisoned and placed in solitary confinement after being found guilty of murdering his wife, as he's haunted by internal demons and his dead wife, and pushed to the breaking point by an abusive female guard.",There is no getting out.
37,831405,en,Injustice,563.221,8,339,"['Animation', 'Science Fiction', 'Fantasy', 'Action']","When Lois Lane is killed, an unhinged Superman decides to take control of the Earth. Determined to stop him, Batman creates a team of freedom-fighting heroes. But when superheroes go to war, can the world survive?",
38,681887,en,Cosmic Sin,503.598,4.4,363,['Science Fiction'],"In the year 2524, four centuries after humans started colonizing the outer planets, retired General James Ford gets called back into service when a hostile alien fleet attacks soldiers on a remote planet. The threat against mankind soon escalates into an interstellar war as Ford and a team of elite soldiers try to stop the imminent attack before it's too late.",First contact has been made. It's war.
39,337404,en,Cruella,510.735,8.3,5879,"['Comedy', 'Crime']","In 1970s London amidst the punk rock revolution, a young grifter named Estella is determined to make a name for herself with her designs. She befriends a pair of young thieves who appreciate her appetite for mischief, and together they are able to build a life for themselves on the London streets. One day, Estella’s flair for fashion catches the eye of the Baroness von Hellman, a fashion legend who is devastatingly chic and terrifyingly haute. But their relationship sets in motion a course of events and revelations that will cause Estella to embrace her wicked side and become the raucous, fashionable and revenge-bent Cruella.",Hello Cruel World
40,460465,en,Mortal Kombat,495.192,7.3,4000,"['Action', 'Fantasy', 'Adventure']","Washed-up MMA fighter Cole Young, unaware of his heritage, and hunted by Emperor Shang Tsung's best warrior, Sub-Zero, seeks out and trains with Earth's greatest champions as he prepares to stand against the enemies of Outworld in a high stakes battle for the universe.",Get over here.
41,774021,en,Demonic,422.784,4.9,74,"['Horror', 'Thriller']",A young woman unleashes terrifying demons when supernatural forces at the root of a decades-old rift between mother and daughter are ruthlessly revealed.,"It's not a dream, it's not reality."
42,588228,en,The Tomorrow War,439.548,8.1,4522,"['Action', 'Science Fiction', 'Adventure']","The world is stunned when a group of time travelers arrive from the year 2051 to deliver an urgent message: Thirty years in the future, mankind is losing a global war against a deadly alien species. The only hope for survival is for soldiers and civilians from the present to be transported to the future and join the fight. Among those recruited is high school teacher and family man Dan Forester. Determined to save the world for his young daughter, Dan teams up with a brilliant scientist and his estranged father in a desperate quest to rewrite the fate of the planet.",The fight for tomorrow begins today.
43,581726,en,Infinite,430.839,6.9,553,"['Science Fiction', 'Action', 'Thriller']","Evan McCauley has skills he never learned and memories of places he has never visited. Self-medicated and on the brink of a mental breakdown, a secret group that call themselves “Infinites” come to his rescue, revealing that his memories are real.",Many lives. Unlimited potential.
44,631843,en,Old,427.735,6.7,1593,"['Thriller', 'Mystery', 'Horror']",A group of families on a tropical holiday discover that the secluded beach where they are staying is somehow causing them to age rapidly – reducing their entire lives into a single day.,It's only a matter of time.
45,882206,en,LOL Surprise: The Movie,414.698,7.5,31,"['Animation', 'Family']",Dazzling doll sisters Queen Bee and Royal Bee make their first movie with help from their fashionable friends in this one-of-a-kind magical adventure.,
46,588921,en,Ainbo: Spirit of the Amazon,400.934,7.2,220,"['Adventure', 'Animation', 'Family', 'Fantasy']","An epic journey of a young hero and her Spirit Guides, 'Dillo' a cute and humorous armadillo and ""Vaca"" a goofy oversized tapir, who embark on a quest to save their home in the spectacular Amazon Rainforest.",
47,375211,en,Marvel Knights: Eternals,429.973,5.6,5,['Animation'],"You are thousands of years old. You have amazing powers. You have watched civilizations rise and fall. So why does no one remember any of this? Best-selling author, Neil Gaiman (Marvel: 1602) is joined by superstar artist, John Romita. Jr. (Amazing Spider-Man), to bring you the extraordinary tale of The Eternals. Medical student Mark Curry's world is turned upside-down when he meets Ike Harris, a man who believes that he is part of a centuries-old race of super-powered beings put here on Earth by aliens to preserve and safeguard the planet — and even crazier, tried to convince Mark that he is one too.",
48,791373,en,Zack Snyder's Justice League,410.965,8.4,6803,"['Action', 'Adventure', 'Fantasy', 'Science Fiction']","Determined to ensure Superman's ultimate sacrifice was not in vain, Bruce Wayne aligns forces with Diana Prince with plans to recruit a team of metahumans to protect the world from an approaching threat of catastrophic proportions.",
49,634649,en,Spider-Man: No Way Home,480.702,0,0,"['Action', 'Adventure', 'Science Fiction']","Peter Parker is unmasked and no longer able to separate his normal life from the high-stakes of being a Super Hero. When he asks for help from Doctor Strange the stakes become even more dangerous, forcing him to discover what it truly means to be Spider-Man.",
50,370172,en,No Time to Die,604.254,7.4,1209,"['Adventure', 'Action', 'Thriller']","Bond has left active service and is enjoying a tranquil life in Jamaica. His peace is short-lived when his old friend Felix Leiter from the CIA turns up asking for help. The mission to rescue a kidnapped scientist turns out to be far more treacherous than expected, leading Bond onto the trail of a mysterious villain armed with dangerous new technology.",The mission that changes everything begins…
51,706972,en,Narco Sub,374.848,7.1,59,"['Action', 'Drama', 'Crime']","A man will become a criminal to save his family.  Director: Shawn Welling  Writer: Derek H. Potts  Stars: Tom Vera, Tom Sizemore, Lee Majors |",A man will become a criminal to save his family.
52,669671,en,Night Teeth,367.303,6.8,299,"['Horror', 'Thriller', 'Action']","A college student moonlighting as a chauffeur picks up two mysterious women for a night of party-hopping across LA. But when he uncovers their bloodthirsty intentions - and their dangerous, shadowy underworld - he must fight to stay alive.",Paint the town red.
53,503736,en,Army of the Dead,364.974,6.4,2514,"['Action', 'Adventure', 'Crime', 'Horror']","Following a zombie outbreak in Las Vegas, a group of mercenaries take the ultimate gamble: venturing into the quarantine zone to pull off the greatest heist ever attempted.",Survivors take all.
54,19995,en,Avatar,374.059,7.5,24280,"['Action', 'Adventure', 'Fantasy', 'Science Fiction']","In the 22nd century, a paraplegic Marine is dispatched to the moon Pandora on a unique mission, but becomes torn between following orders and protecting an alien civilization.",Enter the World of Pandora.
55,619297,en,Sweet Girl,360.21,6.9,697,['Action'],"A devastated husband vows to bring justice to the people responsible for his wife's death while protecting the only family he has left, his daughter.",Family fights as one.
56,399566,en,Godzilla vs. Kong,393.812,7.9,7185,"['Action', 'Adventure', 'Fantasy']","In a time when monsters walk the Earth, humanity’s fight for its future sets Godzilla and Kong on a collision course that will see the two most powerful forces of nature on the planet collide in a spectacular battle for the ages.",One Will Fall
57,767304,en,Redemption Day,360.237,6.7,150,['Action'],"Having just returned home, decorated U.S. Marine Captain Brad Paxton's wife, Kate, is kidnapped by a terrorist group while working in Morocco. He is forced back into action for a daring and deadly operation to save the woman he loves.",Taking his wife was their last mistake.
58,482373,en,Don't Breathe 2,366.157,7.7,1114,"['Thriller', 'Horror']","The Blind Man has been hiding out for several years in an isolated cabin and has taken in and raised a young girl orphaned from a devastating house fire. Their quiet life together is shattered when a group of criminals kidnap the girl, forcing the Blind Man to leave his safe haven to save her.",Bad things happen to bad people.
59,423108,en,The Conjuring: The Devil Made Me Do It,311.759,7.8,3856,"['Horror', 'Mystery', 'Thriller']","Paranormal investigators Ed and Lorraine Warren encounter what would become one of the most sensational cases from their files. The fight for the soul of a young boy takes them beyond anything they'd ever seen before, to mark the first time in U.S. history that a murder suspect would claim demonic possession as a defense.",The demonic case that shocked America.
60,522402,en,Finch,549.884,8,522,"['Science Fiction', 'Drama', 'Adventure']","On a post-apocalyptic Earth, a robot, built to protect the life of his dying creator's beloved dog, learns about life, love, friendship, and what it means to be human.",
61,725273,en,Solitary,347.349,5.8,59,['Science Fiction'],"A man wakes up inside a room to discover he's a prisoner sent into space to form Earth's first colony, and worse - his cell mate Alana is hell bent on destroying everything.",The greatest punishment imaginable.
62,859860,en,Catch the Bullet,363.643,5.6,67,"['Western', 'Action']","U.S. marshal Britt MacMasters returns from a mission to find his father wounded and his son kidnapped by the outlaw Jed Blake. Hot on their trail, Britt forms a posse with a gunslinging deputy and a stoic Pawnee tracker. But Jed and Britt tread dangerously close to the Red Desert’s Sioux territory.",The sun never sets on vengeance.
63,825997,en,Rogue Hostage,340.663,6.4,101,"['Action', 'Thriller']",A former Marine races against time to save a group of hostages -- including his young daughter and a congressman — when armed militants take over his stepfather's store.,Free the hostages. Or everyone dies.
64,719164,en,Women,219.924,6.1,14,['Thriller'],A small town detective while investigating the disappearance of a local woman comes across an unassuming Sociology professor who is hiding a secret life.,Don't Scream. Don't Run. Survive.
65,602223,en,The Forever Purge,321.093,7.4,1396,"['Horror', 'Action', 'Thriller']",All the rules are broken as a sect of lawless marauders decides that the annual Purge does not stop at daybreak and instead should never end as they chase a group of immigrants who they want to punish because of their harsh historical past.,The rules are broken.
66,595743,en,SAS: Red Notice,328.657,6,259,"['Drama', 'Action', 'Thriller']","An off-duty SAS soldier, Tom Buckingham, must thwart a terror attack on a train running through the Channel Tunnel. As the action escalates on the train, events transpire in the corridors of power that may make the difference as to whether Buckingham and the civilian passengers make it out of the tunnel alive.",
67,741636,en,Bloodthirsty,334.459,6.6,16,['Horror'],"When indie singer Grey struggles to write her sophomore album, she teams up with a mysterious producer at his secluded cabin. Though their bond strengthens her music, it also starts to irreparably alter Grey’s body and mind.",Ambition can be killer.
68,1930,en,The Amazing Spider-Man,369.323,6.6,13495,"['Action', 'Adventure', 'Fantasy']","Peter Parker is an outcast high schooler abandoned by his parents as a boy, leaving him to be raised by his Uncle Ben and Aunt May. Like most teenagers, Peter is trying to figure out who he is and how he got to be the person he is today. As Peter discovers a mysterious briefcase that belonged to his father, he begins a quest to understand his parents' disappearance – leading him directly to Oscorp and the lab of Dr. Curt Connors, his father's former partner. As Spider-Man is set on a collision course with Connors' alter ego, The Lizard, Peter will make life-altering choices to use his powers and shape his destiny to become a hero.",The untold story begins.
69,848278,en,Jurassic Hunt,305.718,5,153,"['Action', 'Science Fiction', 'Thriller']","Female adventurer Parker joins a crew of male trophy hunters in a remote wilderness park. Their goal: slaughter genetically recreated dinosaurs for sport using rifles, arrows, and grenades. After their guide is killed by raptors, the team tries to escape the park – but the hunters quickly become the hunted. Even worse, the park’s manager suspects Parker of being a spy and sends a hit squad after her. This battle’s about to become primitive!",This time it's mankind that's going extinct.
70,13811,en,Knowing,314.469,6.1,4067,"['Action', 'Mystery', 'Science Fiction', 'Thriller']",A teacher opens a time capsule that has been dug up at his son's elementary school; in it are some chilling predictions -- some that have already occurred and others that are about to -- that lead him to believe his family plays a role in the events that are about to unfold.,What happens when the numbers run out?
71,813258,en,Monster Pets: A Hotel Transylvania Short,307.614,7.5,254,"['Animation', 'Comedy', 'Fantasy']",Drac tries out some new monster pets to help occupy Tinkles for playtime.,
72,512195,en,Red Notice,282.641,7.4,19,"['Action', 'Comedy', 'Crime', 'Thriller']","An Interpol-issued Red Notice is a global alert to hunt and capture the world's most wanted. But when a daring heist brings together the FBI's top profiler and two rival criminals, there's no telling what will happen.",Pro and cons.
73,878962,en,Sharkdog’s Fintastic Halloween,261.208,3.7,3,"['Animation', 'Fantasy', 'Family']","The Sharkpack gets ready for Halloween with the spooky legend of the ""Fearsome Fog"" — and Sharkdog must save trick-or-treating from a slimy sea monster!",
74,763873,en,Under Wraps,273.852,7.1,41,"['Comedy', 'Family', 'Fantasy']","Three friends try to save their mummified friend, Harold, from greedy criminals by returning him to his resting place before midnight on Halloween.",
75,843906,en,Straight Outta Nowhere: Scooby-Doo! Meets Courage the Cowardly Dog,310.694,8.3,221,"['Animation', 'Comedy', 'Mystery', 'Family', 'Fantasy']","With Mystery, Inc. on the tail of a strange object in Nowhere, Kansas, the strange hometown of Eustice, Muriel, and Courage, the gang soon find themselves contending with a giant cicada monster and her winged warriors.",Ooga! Booga! Booga!
76,527774,en,Raya and the Last Dragon,308.607,8.1,4514,"['Family', 'Fantasy', 'Animation', 'Action', 'Adventure']","Long ago, in the fantasy world of Kumandra, humans and dragons lived together in harmony. But when an evil force threatened the land, the dragons sacrificed themselves to save humanity. Now, 500 years later, that same evil has returned and it’s up to a lone warrior, Raya, to track down the legendary last dragon to restore the fractured land and its divided people.",A quest to save her world.
77,299536,en,Avengers: Infinity War,307.188,8.3,23027,"['Adventure', 'Action', 'Science Fiction']","As the Avengers and their allies have continued to protect the world from threats too large for any one hero to handle, a new danger has emerged from the cosmic shadows: Thanos. A despot of intergalactic infamy, his goal is to collect all six Infinity Stones, artifacts of unimaginable power, and use them to inflict his twisted will on all of reality. Everything the Avengers have fought for has led up to this moment - the fate of Earth and existence itself has never been more uncertain.",An entire universe. Once and for all.
78,613504,en,After We Collided,299.644,7.3,4262,"['Romance', 'Drama']",Tessa finds herself struggling with her complicated relationship with Hardin; she faces a dilemma that could change their lives forever.,Can love overcome the past?
79,539885,en,Ava,302.664,5.7,1785,"['Action', 'Crime', 'Drama', 'Thriller']",A black ops assassin is forced to fight for her own survival after a job goes dangerously wrong.,Kill. Or be killed.
80,597316,en,My Little Pony: A New Generation,316.848,8.1,131,"['Animation', 'Family', 'Fantasy', 'Comedy', 'Music', 'Adventure']","Equestria's divided. But a bright-eyed hero believes Earth Ponies, Pegasi and Unicorns should be pals — and, hoof to heart, she’s determined to prove it.",Ride or Fly
81,522444,en,Black Water: Abyss,274.301,5.1,284,"['Horror', 'Thriller', 'Adventure', 'Mystery']","An adventure-loving couple convince their friends to explore a remote, uncharted cave system in the forests of Northern Australia. With a tropical storm approaching, they abseil into the mouth of the cave, but when the caves start to flood, tensions rise as oxygen levels fall and the friends find themselves trapped. Unknown to them, the storm has also brought in a pack of dangerous and hungry crocodiles.",Descend into fear
82,680319,en,We Broke Up,272.144,5.7,12,['Comedy'],Lori and Doug break up right before Lori's sister's wedding and decide to pretend they're still together for the weekend as to not disrupt the fun.,
83,458576,en,Monster Hunter,273.173,6.9,2236,"['Action', 'Fantasy', 'Adventure']","A portal transports Cpt. Artemis and an elite unit of soldiers to a strange world where powerful monsters rule with deadly ferocity. Faced with relentless danger, the team encounters a mysterious hunter who may be their only hope to find a way home.","Behind our world, there is another."
84,36419,en,After.Life,387.777,6.1,803,"['Drama', 'Horror', 'Mystery', 'Thriller']","Following a terrible car crash, a woman awakes to find an enigmatic mortician preparing her for burial.",Life is the symptom. Death is the cure.
85,632357,en,The Unholy,263.412,6.9,1410,['Horror'],"Alice, a young hearing-impaired girl who, after a supposed visitation from the Virgin Mary, is inexplicably able to hear, speak and heal the sick. As word spreads and people from near and far flock to witness her miracles, a disgraced journalist hoping to revive his career visits the small New England town to investigate. When terrifying events begin to happen all around, he starts to question if these phenomena are the works of the Virgin Mary or something much more sinister.",Be careful who you pray to.
86,861057,en,Swim,273.818,7.4,16,"['Horror', 'Action']","A family gets trapped in their storm flooded vacation rental, tries to escape from a hungry shark that made it's way into the house.",
87,597891,en,Kate,270.225,6.8,740,"['Action', 'Thriller']","After she's irreversibly poisoned, a ruthless criminal operative has less than 24 hours to exact revenge on her enemies and in the process forms an unexpected bond with the daughter of one of her past victims.",There's no time for mercy.
88,846214,en,"The Simpsons: The Good, the Bart, and the Loki",276.105,7.6,431,"['Animation', 'Comedy', 'Family']",Loki is banished from Asgard once again and must face his toughest opponents yet: the Simpsons and Springfield’s mightiest heroes. The God of Mischief teams up with Bart Simpson in the ultimate crossover event paying tribute to the Marvel Cinematic Universe of superheroes and villains.,
89,482321,en,Ron's Gone Wrong,287.164,7.3,41,"['Animation', 'Science Fiction', 'Family', 'Comedy']","In a world where walking, talking, digitally connected bots have become children's best friends, an 11-year-old finds that his robot buddy doesn't quite work the same as the others do.",Best Friend Forever* (*battery life may vary)
90,529203,en,The Croods: A New Age,277.639,7.6,2621,"['Animation', 'Family', 'Adventure', 'Fantasy', 'Comedy']","Searching for a safer habitat, the prehistoric Crood family discovers an idyllic, walled-in paradise that meets all of its needs. Unfortunately, they must also learn to live with the Bettermans -- a family that's a couple of steps above the Croods on the evolutionary ladder. As tensions between the new neighbors start to rise, a new threat soon propels both clans on an epic adventure that forces them to embrace their differences, draw strength from one another, and survive together.",The future ain't what it used to be.
91,734265,en,Love Hard,279.451,6.6,170,"['Comedy', 'Romance']","An LA girl, unlucky in love, falls for an East Coast guy on a dating app and decides to surprise him for Christmas, only to discover that she’s been catfished. But the object of her affection actually lives in the same town, and the guy who duped her offers to set them up if she pretends to be his own girlfriend for the holidays.",A romantic comedy about the lies we tell for love.
92,568124,en,Encanto,265.395,0,0,"['Family', 'Music', 'Adventure', 'Animation', 'Fantasy']","The tale of an extraordinary family, the Madrigals, who live hidden in the mountains of Colombia, in a magical house, in a vibrant town, in a wondrous, charmed place called an Encanto. The magic of the Encanto has blessed every child in the family with a unique gift from super strength to the power to heal—every child except one, Mirabel. But when she discovers that the magic surrounding the Encanto is in danger, Mirabel decides that she, the only ordinary Madrigal, might just be her exceptional family's last hope.",There's a little magic in all of us ...almost all of us.
93,324786,en,Hacksaw Ridge,233.039,8.2,10136,"['Drama', 'History', 'War']","WWII American Army Medic Desmond T. Doss, who served during the Battle of Okinawa, refuses to kill people and becomes the first Conscientious Objector in American history to receive the Congressional Medal of Honor.",One of the greatest heroes in American history never fired a bullet.
94,634528,en,The Marksman,287.586,7.1,950,"['Action', 'Thriller', 'Crime']","Jim Hanson’s quiet life is suddenly disturbed by two people crossing the US/Mexico border – a woman and her young son – desperate to flee a Mexican cartel. After a shootout leaves the mother dead, Jim becomes the boy’s reluctant defender. He embraces his role as Miguel’s protector and will stop at nothing to get him to safety, as they go on the run from the relentless assassins.",Justice comes down to him.
95,763164,en,Apex,401.393,5.3,50,"['Action', 'Thriller', 'Science Fiction']","Ex-cop James Malone is serving a life sentence for a crime he didn’t commit. He is offered a chance at freedom if he can survive a deadly game of Apex, in which six hunters pay for the pleasure of hunting another human on a remote island. He accepts, and once he arrives, all hell breaks loose.",The hunters will be hunted.
96,464052,en,Wonder Woman 1984,267.785,6.6,6105,"['Action', 'Adventure', 'Fantasy']",A botched store robbery places Wonder Woman in a global battle against a powerful and mysterious ancient force that puts her powers in jeopardy.,A new era of wonder begins.
97,520763,en,A Quiet Place Part II,252.028,7.7,3294,"['Science Fiction', 'Thriller', 'Horror']","Following the events at home, the Abbott family now face the terrors of the outside world. Forced to venture into the unknown, they realize that the creatures that hunt by sound are not the only threats that lurk beyond the sand path.",Silence is not enough.
98,619778,en,Malignant,233.546,7.1,979,"['Horror', 'Mystery', 'Thriller']","Madison is paralyzed by shocking visions of grisly murders, and her torment worsens as she discovers that these waking dreams are in fact terrifying realities with a mysterious tie to her past.",A new vision of terror.
99,883648,en,Little Big Mouth,239.444,4.9,13,['Comedy'],"Kicked out of his band and home, a playful guitarist takes refuge with a bookkeeper, her son and dad. Is it possible to make sweet music together?",
100,739990,en,Nightbooks,227.322,6.6,183,"['Fantasy', 'Family', 'Horror']","Alex, a boy obsessed with scary stories, is trapped by a witch in her modern, magical New York City apartment. His original hair-raising tales are the only thing keeping him safe as he desperately tries to find a way out of this twisted place.",Write for your life.
101,857702,en,LEGO Star Wars Terrifying Tales,242.303,6.6,85,"['Family', 'Animation', 'Science Fiction', 'Comedy']","Poe Dameron and BB-8 must face the greedy crime boss Graballa the Hutt, who has purchased Darth Vader’s castle and is renovating it into the galaxy’s first all-inclusive Sith-inspired luxury hotel.",Rest in pieces.
102,671,en,Harry Potter and the Philosopher's Stone,234.446,7.9,21302,"['Adventure', 'Fantasy']","Harry Potter has lived under the stairs at his aunt and uncle's house his whole life. But on his 11th birthday, he learns he's a powerful wizard—with a place waiting for him at the Hogwarts School of Witchcraft and Wizardry. As he learns to harness his newfound powers with the help of the school's kindly headmaster, Harry uncovers the truth about his parents' deaths—and about the villain who's to blame.",Let the Magic Begin.
103,315635,en,Spider-Man: Homecoming,266.445,7.4,17065,"['Action', 'Adventure', 'Science Fiction', 'Drama']","Following the events of Captain America: Civil War, Peter Parker, with the help of his mentor Tony Stark, tries to balance his life as an ordinary high school student in Queens, New York City, with fighting crime as his superhero alter ego Spider-Man as a new threat, the Vulture, emerges.",Homework can wait. The city can't.
104,385687,en,Fast & Furious 10,211.849,0,0,"['Action', 'Crime']",The tenth installment in the Fast Saga.,
105,826914,en,Muppets Haunted Mansion,206.82,6.9,86,"['Comedy', 'Family', 'TV Movie']",Gonzo is challenged to spend one night in The Haunted Mansion on Halloween night.,Cue the light(ning)!
106,617502,en,Jolt,243.844,6.8,753,"['Action', 'Comedy']","Lindy is an acid-tongued woman with rage issues who controls her temper by shocking herself with an electrode vest. One day she makes a connection with Justin, who gives her a glimmer of hope for a shock-free future, but when he’s murdered she launches herself on a revenge-fueled rampage in pursuit of his killer.",You're in for a shock.
107,429617,en,Spider-Man: Far From Home,273.535,7.5,10893,"['Action', 'Adventure', 'Science Fiction']","Peter Parker and his friends go on a summer trip to Europe. However, they will hardly be able to rest - Peter will have to agree to help Nick Fury uncover the mystery of creatures that cause natural disasters and destruction throughout the continent.",It’s time to step up.
108,800497,en,Werewolves Within,225.012,6.1,179,"['Comedy', 'Horror']","When a proposed pipeline creates hostilities between residents of a small town, a newly-arrived forest ranger must keep the peace after a snowstorm confines the townspeople to an old lodge. But when a mysterious creature begins terrorizing the group, their worst tendencies and prejudices rise to the surface, and it is up to the ranger to keep the residents alive, both from each other and the monster which plagues them.",A whodunnit with teeth.
109,537915,en,After,239.301,7.2,6704,"['Romance', 'Drama']","Tessa Young is a dedicated student, dutiful daughter and loyal girlfriend to her high school sweetheart. Entering her first semester of college, Tessa's guarded world opens up when she meets Hardin Scott, a mysterious and brooding rebel who makes her question all she thought she knew about herself -- and what she wants out of life.","After your first, life is never the same."
110,587807,en,Tom & Jerry,232.966,7.1,1831,"['Comedy', 'Family', 'Animation']","Tom the cat and Jerry the mouse get kicked out of their home and relocate to a fancy New York hotel, where a scrappy employee named Kayla will lose her job if she can’t evict Jerry before a high-class wedding at the hotel. Her solution? Hiring Tom to get rid of the pesky mouse.",Best of enemies. Worst of friends.
111,559,en,Spider-Man 3,236.031,6.3,10473,"['Fantasy', 'Action', 'Adventure']","The seemingly invincible Spider-Man goes up against an all-new crop of villains—including the shape-shifting Sandman. While Spider-Man’s superpowers are altered by an alien organism, his alter ego, Peter Parker, deals with nemesis Eddie Brock and also gets caught up in a love triangle.",The battle within.
112,585083,en,Hotel Transylvania: Transformania,190.917,0,0,"['Family', 'Animation', 'Fantasy', 'Comedy', 'Adventure']","When Van Helsing's mysterious invention, the \""Monsterfication Ray,\"" goes haywire, Drac and his monster pals are all transformed into humans, and Johnny becomes a monster. In their new mismatched bodies, Drac and Johnny must team up and race across the globe to find a cure before it's too late, and before they drive each other crazy.",Change can be scary.
113,508442,en,Soul,229.134,8.2,7165,"['Animation', 'Comedy', 'Fantasy', 'Family']","Joe Gardner is a middle school teacher with a love for jazz music. After a successful audition at the Half Note Club, he suddenly gets into an accident that separates his soul from his body and is transported to the You Seminar, a center in which souls develop and gain passions before being transported to a newborn child. Joe must enlist help from the other souls-in-training, like 22, a soul who has spent eons in the You Seminar, in order to get back to Earth.",Is all this living really worth dying for?
114,567189,en,Tom Clancy's Without Remorse,223.53,7.2,1641,"['Action', 'Thriller']",An elite Navy SEAL uncovers an international conspiracy while seeking justice for the murder of his pregnant wife.,From the author of Rainbow Six.
115,449406,en,Vivo,208.114,7.7,415,"['Animation', 'Family', 'Comedy']",A music-loving kinkajou named Vivo embarks on the journey of a lifetime to fulfill his destiny and deliver a love song for an old friend.,One song can change everything.
116,522241,en,The Courier,224.855,7.2,456,"['Thriller', 'History', 'Drama']",Cold War spy Greville Wynne and his Russian source try to put an end to the Cuban Missile Crisis.,Based on the incredible true story of a Welsh businessman turned spy.
117,637693,en,Spirit Untamed,215.011,7.8,288,"['Animation', 'Adventure', 'Family', 'Western']",Lucky Prescott's life is changed forever when she moves from her home in the city to a small frontier town and befriends a wild mustang named Spirit.,Adventure awaits.
118,850818,en,"Barbie: Big City, Big Dreams",216.59,7.2,73,"['Animation', 'Music', 'Family']","Barbie swaps the sunny shores of Malibu for the bright lights of Broadway to attend an excusive summer performing arts program and meets…Barbie!  Fast friends, the two discover they share more than a name as they explore New York City and all the amazing things they have in common.  As they compete for the coveted once-in-a-lifetime Spotlight Solo from Times Square, the friends discover competition isn’t all about winning, it’s about striving to be your best, overcoming doubts, and sharing the spotlight.",
119,581644,en,The Misfits,239.557,5.6,163,['Action'],"After being recruited by a group of unconventional thieves, renowned criminal Richard Pace finds himself caught up in an elaborate gold heist that promises to have far-reaching implications on his life and the lives of countless others.",They're not bad guys. They just steal from them.
120,841755,en,Mortal Kombat Legends: Battle of the Realms,200.515,8.1,177,"['Animation', 'Action', 'Fantasy']","The Earthrealm heroes must journey to the Outworld and fight for the survival of their homeland, invaded by the forces of evil warlord Shao Kahn, in the tournament to end all tournaments: the final Mortal Kombat.",
121,15092,en,Crank: High Voltage,219.241,6,2115,"['Action', 'Thriller', 'Crime']",Chelios faces a Chinese mobster who has stolen his nearly indestructible heart and replaced it with a battery-powered ticker that requires regular jolts of electricity to keep working.,"Stay Charged, Stay Alive!"
122,522478,en,Peter Rabbit 2: The Runaway,211.56,7.4,426,"['Family', 'Comedy', 'Adventure', 'Animation', 'Fantasy']","Bea, Thomas, and the rabbits have created a makeshift family, but despite his best efforts, Peter can’t seem to shake his mischievous reputation. Adventuring out of the garden, Peter finds himself in a world where his mischief is appreciated, but when his family risks everything to come looking for him, Peter must figure out what kind of bunny he wants to be.",The garden was just the beginning.
123,400160,en,The SpongeBob Movie: Sponge on the Run,200.485,7.7,2343,"['Family', 'Animation', 'Fantasy', 'Adventure', 'Comedy']","When his best friend Gary is suddenly snatched away, SpongeBob takes Patrick on a madcap mission far beyond Bikini Bottom to save their pink-shelled pal.",They're Not in Bikini Bottom Anymore.
124,559907,en,The Green Knight,197.458,6.7,498,"['Adventure', 'Drama', 'Fantasy']","An epic fantasy adventure based on the timeless Arthurian legend, The Green Knight tells the story of Sir Gawain, King Arthur's reckless and headstrong nephew, who embarks on a daring quest to confront the eponymous Green Knight, a gigantic emerald-skinned stranger and tester of men.",When honor was everything.
125,597433,en,Beckett,203.703,6.4,383,"['Action', 'Crime', 'Drama', 'Mystery']","While vacationing in Greece, Beckett, becomes the target of a manhunt after a devastating car accident forces him to run for his life across the country to clear his name but tensions escalate as the authorities close in and political unrest mounts which makes Beckett fall even deeper into a dangerous web of conspiracy.",Born to be murdered.
126,871875,en,Escape The Undertaker,204.213,5.3,26,"['Horror', 'Mystery', 'Family']","The Undertaker has set a trap for the decorated tag team The New Day at his mansion. What they don't know: The Undertaker's mansion is an extreme Haunted House, packed to the brim with supernatural challenges. It's up to viewers to decide the fate of these poor souls trying to survive the wrath of The Undertaker.",
127,674,en,Harry Potter and the Goblet of Fire,212.082,7.8,16256,"['Adventure', 'Fantasy', 'Family']","When Harry Potter's name emerges from the Goblet of Fire, he becomes a competitor in a grueling battle for glory among three wizarding schools—the Triwizard Tournament. But since Harry never submitted his name for the Tournament, who did? Now Harry must confront a deadly dragon, fierce water demons and an enchanted maze only to find himself in the cruel grasp of He Who Must Not Be Named.",Dark And Difficult Times Lie Ahead.
128,656940,en,Body Brokers,193.708,6.6,47,"['Thriller', 'Crime']","Utah and his girlfriend Opal, are drug addicts living on the streets in rural Ohio. After getting recruited by body broker Wood, and offered treatment in Los Angeles, Wood takes Utah under his wing and introduces him to treatment center mogul Vin. Wood and Vin bring Utah in on their lucrative and illegal dealings, where saving lives comes second to the bottom line.",Drugs. Rehab. Profit.
129,672,en,Harry Potter and the Chamber of Secrets,216.882,7.7,17203,"['Adventure', 'Fantasy']","Cars fly, trees fight back, and a mysterious house-elf comes to warn Harry Potter at the start of his second year at Hogwarts. Adventure and danger await when bloody writing on a wall announces: The Chamber Of Secrets Has Been Opened. To save Hogwarts will require all of Harry, Ron and Hermione’s magical abilities and courage.",Hogwarts is back in session.
130,8960,en,Hancock,226.726,6.3,7665,"['Fantasy', 'Action']","Hancock is a down-and-out superhero who's forced to employ a PR expert to help repair his image when the public grows weary of all the damage he's inflicted during his lifesaving heroics. The agent's idea of imprisoning the antihero to make the world miss him proves successful, but will Hancock stick to his new sense of purpose or slip back into old habits?",Bad Behavior. Bad Attitude. Real Hero.
131,585216,en,Escape Room: Tournament of Champions,174.019,6.9,709,"['Horror', 'Thriller', 'Mystery']","Six people unwittingly find themselves locked in another series of escape rooms, slowly uncovering what they have in common to survive as they discover all the games that they've played before.",Winning was just the beginning.
132,638045,en,The Toll,200.391,6.2,59,"['Thriller', 'Horror']",A socially awkward driver and a weary passenger try to make it to their destination while being haunted by a supernatural threat.,You gotta pay the troll toll
133,25769,en,Carriers,203.334,5.8,815,"['Action', 'Drama', 'Horror', 'Science Fiction', 'Thriller']","A deadly virus has spread across the globe. Contagion is everywhere, no one is safe, and no one can be trusted. Four friends race through the back roads of the American West on their way to a secluded utopian beach in the Gulf of Mexico where they could peacefully wait out the pandemic. Their plans take a grim turn when their car breaks down on an isolated road starting a chain of events that will seal their fates.","The rules are simple. You break them, you die..."
134,299534,en,Avengers: Endgame,193.86,8.3,19434,"['Adventure', 'Science Fiction', 'Action']","After the devastating events of Avengers: Infinity War, the universe is in ruins due to the efforts of the Mad Titan, Thanos. With the help of remaining allies, the Avengers must assemble once more in order to undo Thanos' actions and restore order to the universe once and for all, no matter what consequences may be in store.",Part of the journey is the end.
135,531219,en,Roald Dahl's The Witches,197.823,6.5,1941,"['Family', 'Fantasy', 'Adventure', 'Comedy', 'Horror']","In late 1967, a young orphaned boy goes to live with his loving grandma in the rural Alabama town of Demopolis. As the boy and his grandmother encounter some deceptively glamorous but thoroughly diabolical witches, she wisely whisks him away to a seaside resort. Regrettably, they arrive at precisely the same time that the world's Grand High Witch has gathered.",They're real!
136,673,en,Harry Potter and the Prisoner of Azkaban,208.631,8,16913,"['Adventure', 'Fantasy']","Year three at Hogwarts means new fun and challenges as Harry learns the delicate art of approaching a Hippogriff, transforming shape-shifting Boggarts into hilarity and even turning back time. But the term also brings danger: soul-sucking Dementors hover over the school, an ally of the accursed He-Who-Cannot-Be-Named lurks within the castle walls, and fearsome wizard Sirius Black escapes Azkaban. And Harry will confront them all.",Something wicked this way comes.
137,740925,en,No One Gets Out Alive,172.059,6,223,"['Horror', 'Thriller', 'Mystery']",An immigrant in search of the American dream is forced to take a room in a boarding house and soon finds herself in a nightmare from which she can't escape.,Don’t try to leave. It’ll only make things worse.
138,24428,en,The Avengers,209.584,7.7,25642,"['Science Fiction', 'Action', 'Adventure']","When an unexpected enemy emerges and threatens global safety and security, Nick Fury, director of the international peacekeeping agency known as S.H.I.E.L.D., finds himself in need of a team to pull the world back from the brink of disaster. Spanning the globe, a daring recruitment effort begins!",Some assembly required.
139,814780,en,Farm to Fork to Love,194.391,5.2,5,"['Romance', 'TV Movie']","Alice, a young and talented sous chef at NY's top restaurant, receives an invitation to judge a food competition for a prestigious annual fundraiser.",
140,102382,en,The Amazing Spider-Man 2,221.297,6.4,9866,"['Action', 'Adventure', 'Fantasy']","For Peter Parker, life is busy. Between taking out the bad guys as Spider-Man and spending time with the person he loves, Gwen Stacy, high school graduation cannot come quickly enough. Peter has not forgotten about the promise he made to Gwen’s father to protect her by staying away, but that is a promise he cannot keep. Things will change for Peter when a new villain, Electro, emerges, an old friend, Harry Osborn, returns, and Peter uncovers new clues about his past.",No more secrets.
141,198663,en,The Maze Runner,204.576,7.2,13987,"['Action', 'Mystery', 'Science Fiction', 'Thriller']","Set in a post-apocalyptic world, young Thomas is deposited in a community of boys after his memory is erased, soon learning they're all trapped in a maze that will require him to join forces with fellow “runners” for a shot at escape.",Remember. Survive. Run.
142,11932,en,Bride of Chucky,175.452,5.9,1302,"['Horror', 'Comedy', 'Romance']","Chucky hooks up with another murderous doll, the bridal gown-clad Tiffany, for a Route 66 murder spree with their unwitting hosts.",Chucky Gets Lucky.
143,11322,en,Public Enemies,165.954,6.7,3432,"['Crime', 'History']","Depression-era bank robber John Dillinger's charm and audacity endear him to much of America's downtrodden public, but he's also a thorn in the side of J. Edgar Hoover and the fledgling FBI. Desperate to capture the elusive outlaw, Hoover makes Dillinger his first Public Enemy Number One and assigns his top agent, Melvin Purvis, the task of bringing him in dead or alive.",America's Most Wanted.
144,431075,en,Polaroid,218.474,5.8,684,"['Horror', 'Thriller', 'Mystery']","High school loner Bird Fitcher has no idea what dark secrets are tied to the mysterious Polaroid vintage camera she stumbles upon, but it doesn't take long to discover that those who have their picture taken meet a tragic end. Bird and her friends must survive one more night as they race to solve the mystery of the haunted Polaroid before it kills them all.","Beware This Camera...Once You Take It, It Takes You."
145,159211,en,The Haunting of Helena,173.551,5.6,115,"['Horror', 'Thriller']","After a divorce, Sophia moves to the south of Italy with her daughter, Helena. Their new home, an apartment within an austere building of the fascist age, is a chance for them to start a new life. But inside an old storage room hides a mysterious closet and a buried secret. After the loss of Helena’s first baby tooth, a chilling obsession begins and an apparition haunts her sleep...",She's coming for her.
146,12445,en,Harry Potter and the Deathly Hallows: Part 2,191.193,8.1,16362,"['Fantasy', 'Adventure']","Harry, Ron and Hermione continue their quest to vanquish the evil Voldemort once and for all. Just as things begin to look hopeless for the young wizards, Harry discovers a trio of magical objects that endow him with powers to rival Voldemort's formidable skills.",It all ends here.
147,22894,en,Legion,189.34,5.7,1933,"['Horror', 'Action', 'Fantasy']","When God loses faith in humankind, he sends his legion of angels to bring on the Apocalypse. Humanity's only hope for survival lies in a group of strangers trapped in an out-of-the-way, desert diner with the Archangel Michael.","When the last angel falls, the fight for mankind begins."
148,834404,en,Teen Titans Go! See Space Jam,199.353,7,143,"['Animation', 'Action', 'Adventure', 'Comedy', 'Family', 'Fantasy', 'Science Fiction']","The Teen Titans are visited by the Nerdlucks, the Space Jam villains who tried to capture Michael Jordan and the Looney Tunes. Astonished to discover his fellow Titans have never seen Space Jam, Cyborg organizes an exclusive watch party. Of course, if the Titans are watching a movie, don't expect silence to be golden. Raven and Starfire provide the commentary, Cyborg presents the fun facts, Beast Boy points out the butt shots, and Robin, but Robin doesn't trust their new alien friends. Are the Nerdlucks here to attend an innocent watch party, or do they have more sinister motives up their sleeves?",
149,557,en,Spider-Man,221.416,7.2,14296,"['Fantasy', 'Action']","After being bitten by a genetically altered spider at Oscorp, nerdy but endearing high school student Peter Parker is endowed with amazing powers to become the superhero known as Spider-Man.",Go for the ultimate spin.
150,763532,en,Long Story Short,179.125,7.4,51,"['Romance', 'Comedy', 'Fantasy']","Teddy wakes up the morning after his wedding to discover that he's jumped forward a year in his life to his first anniversary. Trapped in an endless cycle of time jumps, transported another year ahead every few minutes, he is faced with a race against time as his life crumbles around him.",Love... blink and you'll miss it.
151,615658,en,Awake,194.284,6,708,"['Drama', 'Science Fiction', 'Thriller']","After a sudden global event wipes out all electronics and takes away humankind’s ability to sleep, chaos quickly begins to consume the world. Only Jill, an ex-soldier with a troubled past, may hold the key to a cure in the form of her own daughter. The question is, can Jill safely deliver her daughter and save the world before she herself loses her mind.",Disorientation. Hallucinations. Hysteria. Sleep is survival.
152,12444,en,Harry Potter and the Deathly Hallows: Part 1,186.846,7.8,15180,"['Adventure', 'Fantasy']","Harry, Ron and Hermione walk away from their last year at Hogwarts to find and destroy the remaining Horcruxes, putting an end to Voldemort's bid for immortality. But with Harry's beloved Dumbledore dead and Voldemort's unscrupulous Death Eaters on the loose, the world is more dangerous than ever.",One Way… One Fate… One Hero.
153,512025,en,There's Someone Inside Your House,181.842,5.7,259,"['Horror', 'Thriller', 'Mystery']","As the countdown to graduation begins, students at Osborne High are being stalked by a maniac intent on exposing their darkest secrets to the entire town, terrorizing victims while wearing a life-like mask of their own face. With a mysterious past of her own, Makani and her friends must discover the killer's identity before they become victims themselves.",Everyone has a secret to die for.
154,767,en,Harry Potter and the Half-Blood Prince,188.106,7.7,15241,"['Adventure', 'Fantasy']","As Lord Voldemort tightens his grip on both the Muggle and wizarding worlds, Hogwarts is no longer a safe haven. Harry suspects perils may even lie within the castle, but Dumbledore is more intent upon preparing him for the final battle fast approaching. Together they work to find the key to unlock Voldemorts defenses and to this end, Dumbledore recruits his old friend and colleague Horace Slughorn, whom he believes holds crucial information. Even as the decisive showdown looms, romance blossoms for Harry, Ron, Hermione and their classmates. Love is in the air, but danger lies ahead and Hogwarts may never be the same again.",Dark Secrets Revealed
155,615457,en,Nobody,191.625,8.3,3624,"['Action', 'Crime', 'Thriller', 'Drama']","Hutch Mansell, a suburban dad, overlooked husband, nothing neighbor — a ""nobody."" When two thieves break into his home one night, Hutch's unknown long-simmering rage is ignited and propels him on a brutal path that will uncover dark secrets he fought to leave behind.",Never underestimate a nobody.
156,38234,en,Undisputed III: Redemption,200.045,7.5,569,"['Action', 'Thriller']","Russian inmate Boyka, now severely hobbled by the knee injury suffered at the end of Undisputed 2. No longer the feared prison fighter he was, he has declined so far that he is now good only for cleaning toilets. But when a new prison fight tournament begins - an international affair, matching the best fighters from prisons around the globe, enticing them with the promise of freedom for the winner - Boyka must reclaim his dignity and fight for his position in the tournament.",One deadly tournament. Last fight for freedom.
157,565028,en,Candyman,167.154,6.4,564,"['Horror', 'Thriller']","Anthony and his partner move into a loft in the now gentrified Cabrini-Green, and after a chance encounter with an old-timer exposes Anthony to the true story behind Candyman, he unknowingly opens a door to a complex past that unravels his own sanity and unleashes a terrifying wave of violence.",Dare to say his name.
158,550205,en,Wish Dragon,182.12,8.2,663,"['Animation', 'Family', 'Comedy', 'Fantasy']",Determined teen Din is longing to reconnect with his childhood best friend when he meets a wish-granting dragon who shows him the magic of possibilities.,Three magical wishes. One life changing adventure.
159,876576,en,Go! Go! Cory Carson: Chrissy Takes the Wheel,155.155,5.5,8,"['Animation', 'Family']","From arcade games to sled days and hiccup cures, Cory Carson’s curious little sister Chrissy speeds off on her own for fun and adventure all over town!",
160,24021,en,The Twilight Saga: Eclipse,183.118,6.2,7154,"['Adventure', 'Fantasy', 'Drama', 'Romance']","Bella once again finds herself surrounded by danger as Seattle is ravaged by a string of mysterious killings and a malicious vampire continues her quest for revenge. In the midst of it all, she is forced to choose between her love for Edward and her friendship with Jacob, knowing that her decision has the potential to ignite the ageless struggle between vampire and werewolf. With her graduation quickly approaching, Bella is confronted with the most important decision of her life.",It all begins... with a choice.
161,337401,en,Mulan,165.655,7,5239,"['Adventure', 'Fantasy']","When the Emperor of China issues a decree that one man per family must serve in the Imperial Chinese Army to defend the country from Huns, Hua Mulan, the eldest daughter of an honored warrior, steps in to take the place of her ailing father. She is spirited, determined and quick on her feet. Disguised as a man by the name of Hua Jun, she is tested every step of the way and must harness her innermost strength and embrace her true potential.",
162,809314,en,Trigger Point,181.905,6.6,86,"['Action', 'Thriller']",Nicolas Shaw is a retired U.S. special operative who becomes part of an elite 'invisible' team that quietly takes out the worst villains around the world.,Everyone breaks.
163,22832,en,Ninja Assassin,158.219,6.5,1053,['Action'],"Ninja Assassin follows Raizo, one of the deadliest assassins in the world. Taken from the streets as a child, he was transformed into a trained killer by the Ozunu Clan, a secret society whose very existence is considered a myth. But haunted by the merciless execution of his friend by the Clan, Raizo breaks free from them and vanishes. Now he waits, preparing to exact his revenge.","Fear not the weapon, but the hand that wields it."
164,618162,en,The Harder They Fall,264.246,6.6,197,['Western'],"Gunning for revenge, outlaw Nat Love saddles up with his gang to take down enemy Rufus Buck, a ruthless crime boss who just got sprung from prison.",A new day is dawning.
165,13475,en,Star Trek,170.815,7.4,8170,"['Science Fiction', 'Action', 'Adventure']","The fate of the galaxy rests in the hands of bitter rivals. One, James Kirk, is a delinquent, thrill-seeking Iowa farm boy. The other, Spock, a Vulcan, was raised in a logic-based society that rejects all emotion. As fiery instinct clashes with calm reason, their unlikely but powerful partnership is the only thing capable of leading their crew through unimaginable danger, boldly going where no one has gone before. The human adventure has begun again.",The future begins.
166,32657,en,Percy Jackson & the Olympians: The Lightning Thief,172.953,6.2,6008,"['Adventure', 'Fantasy', 'Family']","Accident prone teenager, Percy discovers he's actually a demi-God, the son of Poseidon, and he is needed when Zeus' lightning is stolen. Percy must master his new found skills in order to prevent a war between the Gods that could devastate the entire world.",Worlds collide.
167,474350,en,It Chapter Two,165.741,6.9,6418,"['Horror', 'Fantasy']","27 years after overcoming the malevolent supernatural entity Pennywise, the former members of the Losers' Club, who have grown up and moved away from Derry, are brought back together by a devastating phone call.",You'll Float Again
168,590706,en,Jiu Jitsu,165.469,5.1,445,"['Fantasy', 'Action', 'Science Fiction']","Every six years, an ancient order of jiu-jitsu fighters joins forces to battle a vicious race of alien invaders. But when a celebrated war hero goes down in defeat, the fate of the planet and mankind hangs in the balance.","From the darkness, the ultimate fighter rises."
169,675,en,Harry Potter and the Order of the Phoenix,175.883,7.7,15479,"['Adventure', 'Fantasy', 'Mystery']","The rebellion begins! Lord Voldemort has returned, but the Ministry of Magic is doing everything it can to keep the wizarding world from knowing the truth – including appointing Ministry official Dolores Umbridge as the new Defence Against the Dark Arts professor at Hogwarts. When Umbridge refuses to teach practical defensive magic, Ron and Hermione convince Harry to secretly train a select group of students for the wizarding war that lies ahead. A terrifying showdown between good and evil awaits in this enthralling film version of the fifth novel in J.K. Rowling’s Harry Potter series. Prepare for battle!",Evil Must Be Confronted.
170,91314,en,Transformers: Age of Extinction,166.524,5.9,6392,"['Science Fiction', 'Action', 'Adventure']","As humanity picks up the pieces, following the conclusion of ""Transformers: Dark of the Moon,"" Autobots and Decepticons have all but vanished from the face of the planet. However, a group of powerful, ingenious businessman and scientists attempt to learn from past Transformer incursions and push the boundaries of technology beyond what they can control - all while an ancient, powerful Transformer menace sets Earth in his cross-hairs.",This is not war. It's extinction.
171,848932,en,粉色樱与大眠王,169.603,4.5,2,['Romance'],"The male lead is the king of a small island nation. He was previously badly hurt by the female lead. The female lead has a canine tooth that makes her look extremely captivating when she smiles. When the female lead vanished, the male lead became extremely fond of sleeping because he did not want to miss her. As fate would have it, the male lead married the female lead in the end. He decided to properly torment that adorable yet horrible woman for a while",Why Women Cheat
172,347626,en,He's All That,176.343,6.9,679,"['Comedy', 'Romance']","To get revenge on her ex-boyfriend, an influencer attempts to transform an unpopular classmate into prom king.",It's his turn for a makeover.
173,862,en,Toy Story,153.86,8,14635,"['Animation', 'Adventure', 'Family', 'Comedy']","Led by Woody, Andy's toys live happily in his room until Andy's birthday brings Buzz Lightyear onto the scene. Afraid of losing his place in Andy's heart, Woody plots against Buzz. But when circumstances separate Buzz and Woody from their owner, the duo eventually learns to put aside their differences.",
174,330457,en,Frozen II,166.097,7.3,7740,"['Family', 'Animation', 'Adventure', 'Comedy', 'Fantasy']","Elsa, Anna, Kristoff and Olaf head far into the forest to learn the truth about an ancient mystery of their kingdom.",The past is not what it seems.
175,10138,en,Iron Man 2,177.523,6.8,16914,"['Adventure', 'Action', 'Science Fiction']","With the world now aware of his dual life as the armored superhero Iron Man, billionaire inventor Tony Stark faces pressure from the government, the press and the public to share his technology with the military. Unwilling to let go of his invention, Stark, with Pepper Potts and James 'Rhodey' Rhodes at his side, must forge new alliances – and confront powerful enemies.","It's not the armor that makes the hero, but the man inside."
176,335797,en,Sing,154.993,7.1,6280,"['Family', 'Animation', 'Music', 'Comedy', 'Drama']",A koala named Buster recruits his best friend to help him drum up business for his theater by hosting a singing competition.,Auditions begin 2016.
177,646207,en,The Ice Road,151.124,7.2,730,"['Action', 'Adventure', 'Drama', 'Thriller']","After a remote diamond mine collapses in far northern Canada, an ice road driver must lead an impossible rescue mission over a frozen ocean to save the trapped miners.",This mission is on thin ice.
178,743439,en,PAW Patrol: Jet to the Rescue,157.469,0,0,"['Family', 'Animation']","Get ready to zoom back to Barkingburg with the pups in this all-new TV movie! When the scheming DUKE of Flappington steals a powerful levitation gem from the royal castle, it’s up to the PAW Patrol to jet to the rescue before the town is lost forever! Then join the PAW Patrol in even more high-flying adventures where they will save a stunt pilot, one of Mayor Humdinger’s kittens, and even Skye when she breaks her wing flying to Jake’s Mountain!",
179,811367,en,22 vs. Earth,157.116,7.1,218,"['Family', 'Comedy', 'Fantasy', 'Animation']","Set before the events of ‘Soul’, 22 refuses to go to Earth, enlisting a gang of 5 new souls in attempt of rebellion. However, 22’s subversive plot leads to a surprising revelation about the meaning of life.",
180,324857,en,Spider-Man: Into the Spider-Verse,162.399,8.4,10126,"['Action', 'Adventure', 'Animation', 'Science Fiction', 'Comedy']","Miles Morales is juggling his life between being a high school student and being a spider-man. When Wilson ""Kingpin"" Fisk uses a super collider, others from across the Spider-Verse are transported to this dimension.",More Than One Wears the Mask
181,72331,en,Abraham Lincoln: Vampire Hunter,153.492,5.7,2625,"['Action', 'Fantasy', 'Horror']","President Lincoln's mother is killed by a supernatural creature, which fuels his passion to crush vampires and their slave-owning helpers.",Are you a patriot or a vampire?
182,741074,en,Once Upon a Snowman,164.474,6.9,388,"['Animation', 'Family', 'Comedy', 'Fantasy']","The previously untold origins of Olaf, the innocent and insightful, summer-loving snowman are revealed as we follow Olaf’s first steps as he comes to life and searches for his identity in the snowy mountains outside Arendelle.",Every snowman starts somewhere.
183,39254,en,Real Steel,151.173,6.9,6312,"['Action', 'Science Fiction', 'Drama']","Charlie Kenton is a washed-up fighter who retired from the ring when robots took over the sport. After his robot is trashed, he reluctantly teams up with his estranged son to rebuild and train an unlikely contender.","If you get one shot, make it real."
184,590995,en,The Craft: Legacy,214.36,6.4,475,"['Horror', 'Drama', 'Fantasy']",An eclectic foursome of aspiring teenage witches get more than they bargained for as they lean into their newfound powers.,Let the ritual begin
185,585,en,"Monsters, Inc.",155.086,7.8,14785,"['Animation', 'Comedy', 'Family']","James Sullivan and Mike Wazowski are monsters, they earn their living scaring children and are the best in the business... even though they're more afraid of the children than they are of them. When a child accidentally enters their world, James and Mike suddenly find that kids are not to be afraid of and they uncover a conspiracy that could threaten all children across the world.",We Scare Because We Care.
186,1865,en,Pirates of the Caribbean: On Stranger Tides,164.123,6.5,11352,"['Adventure', 'Action', 'Fantasy']","Captain Jack Sparrow crosses paths with a woman from his past, and he's not sure if it's love -- or if she's a ruthless con artist who's using him to find the fabled Fountain of Youth. When she forces him aboard the Queen Anne's Revenge, the ship of the formidable pirate Blackbeard, Jack finds himself on an unexpected adventure in which he doesn't know who to fear more: Blackbeard or the woman from his past.",Live Forever Or Die Trying.
187,885110,en,Amina,186.998,6,5,"['War', 'History', 'Drama', 'Adventure']","In 16th-century Zazzau, now Zaria, Nigeria, Amina must utilize her military skills and tactics to defend her family's kingdom. Based on a true story.",She is Amina and she fears nobody.
188,714968,en,Plan A,158.725,4.3,6,['Thriller'],"Germany 1945, Max, a Jewish Holocaust survivor, meets a radical group of Jewish resistance fighters, who, like him, lost all hope for their future after they were robbed of their existence and their entire families were killed by the Nazis. They dream of retaliation on an epic scale for the Jewish people. An eye for an eye, a tooth for a tooth. Max starts identifying with the group's monstrous plans...",The untold story of Jewish revenge.
